Soil_Type,Climate,Topography,Water_Availability,Crop_Selection,Livestock_Grazing,Farm_Size,Regenerative_Practices
Clay,Tropical,Sloping,Medium,Cover_Crops,Continuous,43.64318241393053,Cover_Cropping
Loam,Arid,Hilly,High,Soybeans,Rotational,62.88396716767501,Organic_Amendments
Silt,Temperate,Mountainous,High,Cover_Crops,No_Grazing,34.55397121820204,Crop_Rotation
Clay,Semi-Arid,Hilly,Low,Wheat,Continuous,43.37675192960999,Crop_Rotation
Loam,Temperate,Hilly,Medium,Cover_Crops,Rotational,27.734885216707568,Integrated_Pest_Management
Loam,Arid,Mountainous,Medium,Corn,Continuous,51.387029538040665,Cover_Cropping
Loam,Temperate,Sloping,Low,Cover_Crops,No_Grazing,14.015107112870268,No-Till
Loam,Semi-Arid,Flat,High,Corn,Rotational,81.98162961135561,Organic_Amendments
Silt,Semi-Arid,Flat,Medium,Cover_Crops,Rotational,16.926080228796945,No-Till
Loam,Temperate,Flat,Medium,Cover_Crops,Rotational,56.695163394837344,Integrated_Pest_Management
Silt,Semi-Arid,Mountainous,Medium,Soybeans,No_Grazing,37.61290895906765,Crop_Rotation
Sand,Temperate,Mountainous,Medium,Wheat,Continuous,61.97886539482379,Cover_Cropping
Clay,Temperate,Flat,Medium,Soybeans,Rotational,96.34900067500826,No-Till
Loam,Temperate,Hilly,Low,Corn,Rotational,68.10132200104034,Cover_Cropping
Sand,Temperate,Hilly,Low,Corn,Rotational,13.182619217994183,Crop_Rotation
Clay,Arid,Flat,Low,Cover_Crops,Rotational,48.73621955572551,Cover_Cropping
Clay,Semi-Arid,Flat,High,Corn,Continuous,55.90151670864252,Cover_Cropping
Clay,Temperate,Mountainous,Medium,Cover_Crops,No_Grazing,58.25597452331068,Organic_Amendments
Sand,Semi-Arid,Flat,Low,Corn,No_Grazing,71.3253259543454,No-Till
Silt,Arid,Sloping,Medium,Corn,Continuous,34.98364879585895,Integrated_Pest_Management
Sand,Semi-Arid,Hilly,Medium,Soybeans,Rotational,21.59745089196882,Cover_Cropping
Loam,Semi-Arid,Flat,Medium,Corn,Continuous,45.34081088923849,Cover_Cropping
Loam,Tropical,Flat,Medium,Wheat,Continuous,96.0765150516354,Integrated_Pest_Management
Sand,Tropical,Mountainous,High,Wheat,Continuous,26.841780257576026,No-Till
Clay,Tropical,Sloping,Low,Wheat,Continuous,91.35855594354133,Crop_Rotation
Silt,Temperate,Mountainous,Low,Corn,Continuous,58.94253550695937,Organic_Amendments
Silt,Tropical,Flat,High,Corn,Continuous,51.12202794811893,Integrated_Pest_Management
Silt,Tropical,Hilly,Medium,Wheat,No_Grazing,89.38372692069007,Cover_Cropping
Silt,Tropical,Sloping,Medium,Corn,No_Grazing,51.27435655917273,Crop_Rotation
Clay,Semi-Arid,Sloping,High,Wheat,Continuous,75.17508729503889,Organic_Amendments
Silt,Temperate,Sloping,High,Cover_Crops,Continuous,45.912278953279184,Integrated_Pest_Management
Clay,Semi-Arid,Mountainous,High,Wheat,Continuous,91.3639953610862,Cover_Cropping
Loam,Tropical,Flat,Low,Cover_Crops,No_Grazing,72.10225181721046,No-Till
Clay,Arid,Flat,Medium,Cover_Crops,Rotational,72.96598488254651,Integrated_Pest_Management
Loam,Temperate,Flat,Low,Corn,Rotational,39.494836140140706,Cover_Cropping
Silt,Tropical,Sloping,Medium,Soybeans,Rotational,78.11007784632002,Crop_Rotation
Sand,Arid,Sloping,Low,Soybeans,Continuous,67.24549499024272,Integrated_Pest_Management
Loam,Temperate,Hilly,High,Soybeans,Rotational,31.60182460417386,Organic_Amendments
Loam,Arid,Sloping,Low,Corn,Continuous,24.448494023673078,No-Till
Clay,Temperate,Flat,High,Corn,Rotational,81.67523270655985,Integrated_Pest_Management
Sand,Tropical,Flat,Medium,Cover_Crops,No_Grazing,96.32499427317002,Integrated_Pest_Management
Loam,Semi-Arid,Sloping,Medium,Cover_Crops,No_Grazing,51.23249445340386,No-Till
Clay,Arid,Hilly,Medium,Soybeans,Continuous,63.18857487913164,Crop_Rotation
Silt,Arid,Sloping,High,Cover_Crops,Rotational,87.19503797741991,Organic_Amendments
Loam,Tropical,Sloping,High,Corn,Rotational,51.150110801847134,Cover_Cropping
Silt,Temperate,Mountainous,High,Cover_Crops,Rotational,95.66870291494625,Crop_Rotation
Loam,Semi-Arid,Sloping,High,Corn,Rotational,61.81760458403852,Cover_Cropping
Loam,Tropical,Flat,High,Soybeans,Rotational,83.86904086311834,Organic_Amendments
Sand,Tropical,Flat,High,Wheat,No_Grazing,91.79593465714645,Crop_Rotation
Loam,Semi-Arid,Flat,Medium,Wheat,Continuous,83.3971436891712,Integrated_Pest_Management
Clay,Temperate,Mountainous,High,Corn,Rotational,24.347301710406036,Crop_Rotation
Silt,Arid,Mountainous,Low,Wheat,No_Grazing,66.60085951555303,Cover_Cropping
Silt,Arid,Sloping,Low,Soybeans,Rotational,45.859083275770935,Integrated_Pest_Management
Silt,Semi-Arid,Hilly,Medium,Cover_Crops,No_Grazing,15.644165682101114,No-Till
Loam,Arid,Sloping,Medium,Cover_Crops,Continuous,48.16290267008578,Crop_Rotation
Clay,Semi-Arid,Mountainous,Medium,Cover_Crops,Rotational,33.2815660200467,Crop_Rotation
Loam,Semi-Arid,Sloping,Low,Soybeans,Rotational,86.41344775856597,Integrated_Pest_Management
Sand,Semi-Arid,Mountainous,Medium,Wheat,No_Grazing,12.997416389202657,Crop_Rotation
Clay,Arid,Flat,Medium,Soybeans,Continuous,96.30844496771262,Integrated_Pest_Management
Loam,Tropical,Flat,High,Wheat,No_Grazing,41.98319636247366,No-Till
Loam,Arid,Mountainous,Medium,Cover_Crops,No_Grazing,42.10362013622886,Crop_Rotation
Sand,Arid,Sloping,Low,Wheat,Continuous,11.46956524153371,Cover_Cropping
Loam,Semi-Arid,Hilly,Medium,Soybeans,Rotational,26.670909271256555,Crop_Rotation
Sand,Arid,Flat,Medium,Wheat,Rotational,46.11335507232479,Integrated_Pest_Management
Loam,Semi-Arid,Hilly,High,Cover_Crops,No_Grazing,93.63622755724425,Integrated_Pest_Management
Clay,Semi-Arid,Mountainous,High,Cover_Crops,Continuous,18.96534371991442,Cover_Cropping
Sand,Arid,Mountainous,Medium,Corn,Continuous,95.07713801311716,Cover_Cropping
Clay,Arid,Hilly,Medium,Corn,Rotational,88.2539677491969,Integrated_Pest_Management
Clay,Semi-Arid,Mountainous,Low,Wheat,Rotational,50.87461572167966,Integrated_Pest_Management
Clay,Temperate,Sloping,Medium,Soybeans,No_Grazing,39.403079359143405,Crop_Rotation
Silt,Tropical,Sloping,Low,Cover_Crops,Rotational,30.946971635115116,Integrated_Pest_Management
Silt,Arid,Sloping,Low,Soybeans,Continuous,65.3018235829187,Cover_Cropping
Sand,Semi-Arid,Mountainous,Medium,Wheat,No_Grazing,12.976713232795506,Crop_Rotation
Clay,Arid,Hilly,Low,Wheat,No_Grazing,11.404545800214539,Integrated_Pest_Management
Clay,Tropical,Flat,Low,Soybeans,Continuous,48.5916150248414,No-Till
Silt,Arid,Flat,High,Corn,Rotational,16.12666665772482,Cover_Cropping
Loam,Tropical,Sloping,Medium,Wheat,Rotational,32.674688942148364,No-Till
Clay,Temperate,Flat,Medium,Cover_Crops,Continuous,29.904482381147545,Crop_Rotation
Silt,Arid,Mountainous,Medium,Corn,Rotational,32.78720743505667,Cover_Cropping
Sand,Arid,Hilly,Low,Wheat,Rotational,21.794970809373197,Crop_Rotation
Sand,Semi-Arid,Mountainous,Medium,Corn,No_Grazing,11.083260060788884,Organic_Amendments
Loam,Temperate,Mountainous,Medium,Cover_Crops,Rotational,20.39358674248733,Cover_Cropping
Clay,Semi-Arid,Hilly,Medium,Wheat,Rotational,65.66322335614731,Crop_Rotation
Silt,Arid,Flat,Low,Soybeans,Continuous,97.68305915362453,No-Till
Silt,Semi-Arid,Hilly,High,Wheat,Continuous,99.13105014048045,Crop_Rotation
Loam,Temperate,Mountainous,Medium,Soybeans,Continuous,46.814868583575546,Integrated_Pest_Management
Silt,Temperate,Hilly,High,Corn,Continuous,24.66589834419448,Integrated_Pest_Management
Silt,Arid,Hilly,Medium,Soybeans,Continuous,67.48855816298763,No-Till
Loam,Temperate,Sloping,Medium,Soybeans,Continuous,54.127481189386344,Crop_Rotation
Sand,Arid,Sloping,Low,Wheat,No_Grazing,99.04687995559883,Cover_Cropping
Loam,Semi-Arid,Mountainous,High,Wheat,Rotational,15.877378643660219,No-Till
Loam,Arid,Mountainous,Low,Cover_Crops,No_Grazing,80.49109944824318,Crop_Rotation
Sand,Arid,Flat,High,Corn,Rotational,35.955864759834455,Organic_Amendments
Sand,Semi-Arid,Mountainous,Low,Soybeans,Continuous,31.72767580689166,Integrated_Pest_Management
Loam,Temperate,Flat,High,Corn,Rotational,69.62541143794084,No-Till
Clay,Temperate,Flat,Low,Cover_Crops,No_Grazing,32.1456866491868,Crop_Rotation
Sand,Temperate,Hilly,High,Corn,Rotational,69.92732058032689,Organic_Amendments
Loam,Tropical,Hilly,High,Corn,Rotational,56.55776654820599,Integrated_Pest_Management
Silt,Arid,Mountainous,High,Wheat,Continuous,48.168008959226434,Organic_Amendments
Clay,Temperate,Sloping,High,Corn,No_Grazing,59.921902779527706,No-Till
